Priority,Company,Role,Location,Type,Salary,Status,Applied Date,Next Action,URL,Notes,Discovered Date,Referral Needed,Referral Status,Referral Deadline,Apply Via
MEDIUM,ComplyAdvantage,Machine Learning Engineer,"Lisbon, Portugal",fulltime,,To Apply,,Review draft,https://www.linkedin.com/jobs/view/4405192157,,2026-06-11,Yes,Outreach Pending,,LinkedIn
HIGH,Qualcomm,LLM Engineer,"Santa Clara, CA",fulltime,,To Apply,,Review draft,https://www.linkedin.com/jobs/view/4426079996,,2026-06-11,Yes,Outreach Pending,,LinkedIn
HIGH,Apple,Senior Machine Learning Engineer - Music Recommendation Engine,"London, England, UK",fulltime,,To Apply,,Review draft,https://www.linkedin.com/jobs/view/4426039484,,2026-06-11,Yes,Outreach Pending,,LinkedIn
HIGH,Apple,"Principal Machine Learning Engineer, AI & Data Platforms (AiDP)","London, England, UK",fulltime,,To Apply,,Review draft,https://www.linkedin.com/jobs/view/4414167405,,2026-06-11,Yes,Outreach Pending,,LinkedIn
HIGH,Adobe,Machine Learning Engineer 4,"Bengaluru East, Karnataka, India",fulltime,,To Apply,,Review draft,https://www.linkedin.com/jobs/view/4416184847,,2026-06-11,Yes,Outreach Pending,,LinkedIn
HIGH,Google,Marketing Data Scientist,"Gurugram, Haryana, India",fulltime,,To Apply,,Review draft,https://www.linkedin.com/jobs/view/4426794655,,2026-06-11,Yes,Outreach Pending,,LinkedIn
LOW,Third Intelligence,Staff Software Engineer - Business Development,"Tokyo, Japan",fulltime,,To Apply,,Review draft,https://www.linkedin.com/jobs/view/4414471273,,2026-06-11,Yes,Outreach Pending,,LinkedIn
HIGH,Microsoft,Senior Software Engineer,"Bengaluru, Karnataka, India",fulltime,,To Apply,,Review draft,https://www.linkedin.com/jobs/view/4408269036,,2026-06-11,Yes,Outreach Pending,,LinkedIn
HIGH,Microsoft,Senior Software Engineer,"Hyderabad, Telangana, India",fulltime,,To Apply,,Review draft,https://www.linkedin.com/jobs/view/4407850089,,2026-06-11,Yes,Outreach Pending,,LinkedIn
LOW,xAI,Backend Engineer - API,"Palo Alto, CA",fulltime,,To Apply,,Review draft,https://www.linkedin.com/jobs/view/4427074774,,2026-06-11,Yes,Outreach Pending,,LinkedIn
LOW,Amazon Web Services (AWS),"System Development Engineer, AWS Networking","London, England, UK",fulltime,,To Apply,,Review draft,https://www.linkedin.com/jobs/view/4427111998,,2026-06-11,Yes,Outreach Pending,,LinkedIn
HIGH,GitLab,"Senior Backend Engineer, SSCS: Supply Chain","Bengaluru, Karnataka, India",fulltime,,To Apply,,Review draft,https://www.linkedin.com/jobs/view/4427064410,,2026-06-11,Yes,Outreach Pending,,LinkedIn
HIGH,Qualcomm,Senior Python Fullstack Developer,"Hyderabad, Telangana, India",fulltime,,To Apply,,Review draft,https://www.linkedin.com/jobs/view/4415912521,,2026-06-11,Yes,Outreach Pending,,LinkedIn
LOW,Datadog,Software Engineer - Early Career,"Lisbon, Portugal",fulltime,,To Apply,,Review draft,https://www.linkedin.com/jobs/view/4398021710,,2026-06-11,Yes,Outreach Pending,,LinkedIn
HIGH,Qualcomm,Software Engineer – Engineer,"Markham, Ontario, Canada",fulltime,,To Apply,,Review draft,https://www.linkedin.com/jobs/view/4426153011,,2026-06-11,Yes,Outreach Pending,,LinkedIn
LOW,Rakuten,Bilingual (English/Japanese) Test Engineer - Business Support Development Department (BSD),"Tokyo, Tokyo, Japan",fulltime,,To Apply,,Review draft,https://www.linkedin.com/jobs/view/4423189657,,2026-06-11,Yes,Outreach Pending,,LinkedIn
LOW,Rakuten,ビジネスサポート開発部：日英バイリンガルテストエンジニア（BSD）,"Tokyo, Japan",fulltime,,To Apply,,Review draft,https://www.linkedin.com/jobs/view/4426180401,,2026-06-11,Yes,Outreach Pending,,LinkedIn
HIGH,Microsoft AI,Principal Software Engineer (Fullstack - Copilot),"Tokyo, Tokyo, Japan",fulltime,,To Apply,,Review draft,https://www.linkedin.com/jobs/view/4407469318,,2026-06-11,Yes,Outreach Pending,,LinkedIn
MEDIUM,Rakuten Viki,"Associate Engineer/Engineer, Data Engineering",Singapore,fulltime,,To Apply,,Review draft,https://www.linkedin.com/jobs/view/4417039978,,2026-06-11,Yes,Outreach Pending,,LinkedIn
LOW,IntelliPro,Application Engineer,"Singapore, Singapore",fulltime,,To Apply,,Review draft,https://www.linkedin.com/jobs/view/4427147400,,2026-06-11,Yes,Outreach Pending,,LinkedIn
HIGH,Google,"Software Engineering Manager, Databases, Google Cloud","Bengaluru, Karnataka, India",fulltime,,To Apply,,Review draft,https://www.linkedin.com/jobs/view/4426038608,,2026-06-11,Yes,Outreach Pending,,LinkedIn
LOW,GitLab,"Intermediate Backend Engineer (C), Tenant Scale: Git",India,fulltime,,To Apply,,Review draft,https://www.linkedin.com/jobs/view/4427060675,,2026-06-11,Yes,Outreach Pending,,LinkedIn
HIGH,Google,"Software Engineer III, AI/ML GenAI, Google Cloud Compute","Sunnyvale, CA",fulltime,,To Apply,,Review draft,https://www.linkedin.com/jobs/view/4416123458,,2026-06-10,Yes,Outreach Pending,,LinkedIn
MEDIUM,Zalando,Senior Machine Learning Engineer (all genders),"Berlin, Berlin, Germany",fulltime,,To Apply,,Review draft,https://www.linkedin.com/jobs/view/4427023454,,2026-06-10,Yes,Outreach Pending,,LinkedIn
HIGH,Airbnb,"iOS Software Engineer, Airbnb - New Grad","Seattle, WA",fulltime,"$128,000 - $142,000 / yearly",To Apply,,Review draft,https://www.linkedin.com/jobs/view/4408023524,,2026-06-10,Yes,Outreach Pending,,LinkedIn
HIGH,Stripe,"Full Stack Engineer, Support Experience","Dublin, County Dublin, Ireland",fulltime,,To Apply,,Review draft,https://www.linkedin.com/jobs/view/4416457801,,2026-06-10,Yes,Outreach Pending,,LinkedIn
HIGH,Microsoft,Principal Software Engineer (Fullstack - Copilot),"Tokyo, Tokyo, Japan",fulltime,,To Apply,,Review draft,https://www.linkedin.com/jobs/view/4407831995,,2026-06-10,Yes,Outreach Pending,,LinkedIn
LOW,Zalando,Senior Data Engineer - Lounge by Zalando (all genders),"Berlin, Berlin, Germany",fulltime,,To Apply,,Review draft,https://www.linkedin.com/jobs/view/4427037250,,2026-06-10,Yes,Outreach Pending,,LinkedIn
HIGH,AMD,Software Development Engineer,"Secaucus, NJ",fulltime,,To Apply,,Review draft,https://www.linkedin.com/jobs/view/4413362212,,2026-06-10,Yes,Outreach Pending,,LinkedIn
HIGH,SAP,Working Student (f/m/d) - SAP HANA Cloud Infrastructure,"Berlin, Berlin, Germany",internship,,To Apply,,Review draft,https://www.linkedin.com/jobs/view/4426085848,,2026-06-10,Yes,Outreach Pending,,LinkedIn
LOW,Rakuten,ECロジスティクス開発部：グループマネージャー候補（ECLD）,"Tokyo, Japan",fulltime,,To Apply,,Review draft,https://www.linkedin.com/jobs/view/4415910675,,2026-06-10,Yes,Outreach Pending,,LinkedIn
HIGH,Databricks,Sr. Forward Deployed Engineer,Singapore,fulltime,,To Apply,,Review draft,https://www.linkedin.com/jobs/view/4423109286,,2026-06-10,Yes,Outreach Pending,,LinkedIn
HIGH,Intuit,Software Engineer 1,"Bengaluru, Karnataka, India",fulltime,,To Apply,,Review draft,https://www.linkedin.com/jobs/view/4426093851,,2026-06-10,Yes,Outreach Pending,,LinkedIn
HIGH,Intuit,Software Engineer 1,"Bengaluru, Karnataka, India",fulltime,,To Apply,,Review draft,https://www.linkedin.com/jobs/view/4426107188,,2026-06-10,Yes,Outreach Pending,,LinkedIn
LOW,Hitachi Vantara,Software Engineer Expert,"Pune Division, Maharashtra, India",fulltime,,To Apply,,Review draft,https://www.linkedin.com/jobs/view/4426768761,,2026-06-10,Yes,Outreach Pending,,LinkedIn
LOW,BlackLine,Staff I Software Engineer,"Bengaluru, Karnataka, India",fulltime,,To Apply,,Review draft,https://www.linkedin.com/jobs/view/4415944758,,2026-06-10,Yes,Outreach Pending,,LinkedIn
LOW,BlackLine India,Staff I Software Engineer,"Bengaluru, Karnataka, India",fulltime,,To Apply,,Review draft,https://www.linkedin.com/jobs/view/4416931260,,2026-06-10,Yes,Outreach Pending,,LinkedIn
HIGH,ThreatXIntel,Freelance Opportunity – Senior AI/ML Scientist (GenAI & Machine Learning),India,parttime,,To Apply,,Review draft,https://www.linkedin.com/jobs/view/4426792334,,2026-06-10,Yes,Outreach Pending,,LinkedIn
HIGH,Google,フォワード デプロイド エンジニア、生成 AI、Google Cloud（日本語、英語）,"Tokyo, Tokyo, Japan",fulltime,,To Apply,,Review draft,https://www.linkedin.com/jobs/view/4417077149,,2026-06-10,Yes,Outreach Pending,,LinkedIn
HIGH,SAP,Full stack developer(Java/Angular)- Devanahalli,"Bengaluru, Karnataka, India",contract,,To Apply,,Review draft,https://www.linkedin.com/jobs/view/4426059137,,2026-06-10,Yes,Outreach Pending,,LinkedIn
HIGH,Netflix,"Full-Stack Engineer 5 –  AI Insights & Visualizations, AI Platform",Remote,fulltime,,To Apply,,Review draft,https://www.linkedin.com/jobs/view/4347685563,,2026-06-10,Yes,Outreach Pending,,LinkedIn
LOW,Grafana Labs,Senior Backend Engineer - Grafana Search & Storage | UK | Remote,"London Area, United Kingdom",fulltime,,To Apply,,Review draft,https://www.linkedin.com/jobs/view/4416691065,,2026-06-10,Yes,Outreach Pending,,LinkedIn
HIGH,Google,"Software Engineering Manager, Open Source Security",Singapore,fulltime,,To Apply,,Review draft,https://www.linkedin.com/jobs/view/4426797637,,2026-06-10,Yes,Outreach Pending,,LinkedIn
HIGH,ServiceNow,Staff Software Engineer - Moveworks,"Bengaluru, Karnataka, India",fulltime,,To Apply,,Review draft,https://www.linkedin.com/jobs/view/4416674477,,2026-06-10,Yes,Outreach Pending,,LinkedIn
HIGH,Amazon,"Software Dev Engineer (L5), FinTech","Gurugram, Haryana, India",fulltime,,To Apply,,Review draft,https://www.linkedin.com/jobs/view/4407836774,,2026-06-10,Yes,Outreach Pending,,LinkedIn
HIGH,Amazon,SDE2,"Gurugram, Haryana, India",fulltime,,To Apply,,Review draft,https://www.linkedin.com/jobs/view/4339397317,,2026-06-10,Yes,Outreach Pending,,LinkedIn
LOW,UBS,Data Scientist,"London, England, UK",fulltime,,To Apply,,Review draft,https://www.linkedin.com/jobs/view/4387101015,,2026-06-10,Yes,Outreach Pending,,LinkedIn
HIGH,SAP,Senior AI Specialist,"Bengaluru, Karnataka, India",fulltime,,To Apply,,Review draft,https://www.linkedin.com/jobs/view/4414127870,,2026-06-10,Yes,Outreach Pending,,LinkedIn
LOW,MaxLinear,AI Engineer,"Irvine, CA",fulltime,,To Apply,,Review draft,https://www.linkedin.com/jobs/view/4424919496,,2026-06-10,Yes,Outreach Pending,,LinkedIn
MEDIUM,Booking.com,Machine Learning Engineer II - GenAI Applications,"Tel Aviv District, Israel",fulltime,,To Apply,,Review draft,https://www.linkedin.com/jobs/view/4345693142,,2026-06-10,Yes,Outreach Pending,,LinkedIn
MEDIUM,Spotify,Machine Learning Engineer - Artist-First AI Music Lab,"New York, NY",fulltime,,To Apply,,Review draft,https://www.linkedin.com/jobs/view/4426552123,,2026-06-10,Yes,Outreach Pending,,LinkedIn
MEDIUM,Zalando,Machine Learning Engineer (all genders),"Berlin, Berlin, Germany",fulltime,,To Apply,,Review draft,https://www.linkedin.com/jobs/view/4427029345,,2026-06-10,Yes,Outreach Pending,,LinkedIn
HIGH,AMD,Full Stack AI Software Development,"Hyderabad, Telangana, India",fulltime,,To Apply,,Review draft,https://www.linkedin.com/jobs/view/4423127943,,2026-06-10,Yes,Outreach Pending,,LinkedIn
LOW,UniCredit Bulbank,Full Stack Developer (React+Java),"Sofia, Sofia City, Bulgaria",fulltime,,To Apply,,Review draft,https://www.linkedin.com/jobs/view/4426076669,,2026-06-10,Yes,Outreach Pending,,LinkedIn
HIGH,Stripe,"Integration Engineer (German Speaking), Professional Services","Berlin, Berlin, Germany",fulltime,,To Apply,,Review draft,https://www.linkedin.com/jobs/view/4426534104,,2026-06-10,Yes,Outreach Pending,,LinkedIn
LOW,Wise,Software Engineer - Java - Japanese Speaking,Singapore,fulltime,,To Apply,,Review draft,https://www.linkedin.com/jobs/view/4394429544,,2026-06-10,Yes,Outreach Pending,,LinkedIn
LOW,Singapore Airlines,Information Technology - Information Technology - Lead Software Engineer (AI Ops and Resilience),"Singapore, Singapore",fulltime,,To Apply,,Review draft,https://www.linkedin.com/jobs/view/4272076921,,2026-06-10,Yes,Outreach Pending,,LinkedIn
HIGH,Okta,Staff Software Engineer - Data Platform,"Bengaluru, Karnataka, India",fulltime,,To Apply,,Review draft,https://www.linkedin.com/jobs/view/4374271196,,2026-06-10,Yes,Outreach Pending,,LinkedIn
HIGH,LinkedIn,"Sr. Staff Software Engineer, Systems Infrastructure","Bengaluru, Karnataka, India",fulltime,,To Apply,,Review draft,https://www.linkedin.com/jobs/view/4397786457,,2026-06-10,Yes,Outreach Pending,,LinkedIn
LOW,METAPLORE Solutions Pvt Ltd,Software Engineer / Full Stack Developer,"Bengaluru, Karnataka, India",fulltime,,To Apply,,Review draft,https://www.linkedin.com/jobs/view/4422724308,,2026-06-10,Yes,Outreach Pending,,LinkedIn
HIGH,SAP,Application Engineering,"Bengaluru, Karnataka, India",fulltime,,To Apply,,Review draft,https://www.linkedin.com/jobs/view/4425832894,,2026-06-10,Yes,Outreach Pending,,LinkedIn
LOW,MongoDB,Software Engineer 3,"Dublin, County Dublin, Ireland",fulltime,,To Apply,,Review draft,https://www.linkedin.com/jobs/view/4416944050,,2026-06-10,Yes,Outreach Pending,,LinkedIn
LOW,Rippling,Staff Software Engineer - Spend,"Bengaluru, Karnataka, India",fulltime,,To Apply,,Review draft,https://www.linkedin.com/jobs/view/4407544731,,2026-06-10,Yes,Outreach Pending,,LinkedIn
LOW,Cohere,"Member of Technical Staff, Modeling","San Francisco, CA",fulltime,,To Apply,,Review draft,https://www.linkedin.com/jobs/view/4272083239,,2026-06-10,Yes,Outreach Pending,,LinkedIn
HIGH,Stripe,"Software Engineer, Experimental Projects","Seattle, WA",fulltime,,To Apply,,Review draft,https://www.linkedin.com/jobs/view/4426713187,,2026-06-10,Yes,Outreach Pending,,LinkedIn
LOW,Worldline,Software Engineer - Principal,"Bucharest, Bucharest, Romania",fulltime,,To Apply,,Review draft,https://www.linkedin.com/jobs/view/4426375693,,2026-06-10,Yes,Outreach Pending,,LinkedIn
LOW,Zalando,Senior Principal Applied Scientist - ZMS (all genders),"Berlin, Berlin, Germany",fulltime,,To Apply,,Review draft,https://www.linkedin.com/jobs/view/4416694607,,2026-06-10,Yes,Outreach Pending,,LinkedIn
LOW,NexTexAI,"Founding Software Engineer (Backend, Cloud & AI Infrastructure)","Berlin, Germany",fulltime,,To Apply,,Review draft,https://www.linkedin.com/jobs/view/4426096307,,2026-06-10,Yes,Outreach Pending,,LinkedIn
LOW,Singapore Airlines,Information Technology - Lead Data Engineer,"Singapore, Singapore",fulltime,,To Apply,,Review draft,https://www.linkedin.com/jobs/view/4426039209,,2026-06-10,Yes,Outreach Pending,,LinkedIn
LOW,Rakuten Asia Pte Ltd,Software Engineer,Singapore,fulltime,,To Apply,,Review draft,https://www.linkedin.com/jobs/view/4414690038,,2026-06-10,Yes,Outreach Pending,,LinkedIn
HIGH,Amazon,SDE2,"Bengaluru, Karnataka, India",fulltime,,To Apply,,Review draft,https://www.linkedin.com/jobs/view/4423122550,,2026-06-10,Yes,Outreach Pending,,LinkedIn
HIGH,Qualcomm,Engineer,"Hyderabad, Telangana, India",fulltime,,To Apply,,Review draft,https://www.linkedin.com/jobs/view/4425895382,,2026-06-10,Yes,Outreach Pending,,LinkedIn
HIGH,Amazon,SDE-1,"Hyderabad, Telangana, India",fulltime,,To Apply,,Review draft,https://www.linkedin.com/jobs/view/4416914953,,2026-06-10,Yes,Outreach Pending,,LinkedIn
HIGH,SAP,Machine Learning Engineer,"Vancouver, British Columbia, Canada",fulltime,,To Apply,,Review draft,https://www.linkedin.com/jobs/view/4425892758,,2026-06-10,Yes,Outreach Pending,,LinkedIn
HIGH,Google,"Software Engineer Manager, Learning Platforms, Global Business Organization","London, England, UK",fulltime,,To Apply,,Review draft,https://www.linkedin.com/jobs/view/4406549073,,2026-06-10,Yes,Outreach Pending,,LinkedIn
LOW,Spotify,Senior Staff Machine Learning Engineer - Content Policy & Safety,"London, England, UK",fulltime,,To Apply,,Review draft,https://www.linkedin.com/jobs/view/4407870749,,2026-06-10,Yes,Outreach Pending,,LinkedIn
LOW,Grab,Senior Data Scientist (Integrity),"Singapore, Singapore",fulltime,,To Apply,,Review draft,https://www.linkedin.com/jobs/view/4426042101,,2026-06-10,Yes,Outreach Pending,,LinkedIn
HIGH,Amazon,"Applied Scientist II, Central Machine Learning","Bengaluru, Karnataka, India",fulltime,,To Apply,,Review draft,https://www.linkedin.com/jobs/view/4423133425,,2026-06-10,Yes,Outreach Pending,,LinkedIn
LOW,Amazon Science,"Applied Scientist II, Central Machine Learning","Bengaluru, Karnataka, India",fulltime,,To Apply,,Review draft,https://www.linkedin.com/jobs/view/4423112887,,2026-06-10,Yes,Outreach Pending,,LinkedIn
HIGH,Google,"Product Data Scientist, Analytics, Insights, Measurement","Bengaluru, Karnataka, India",fulltime,,To Apply,,Review draft,https://www.linkedin.com/jobs/view/4427015222,,2026-06-10,Yes,Outreach Pending,,LinkedIn
HIGH,Figma,Support AI Engineer,"San Francisco, CA",fulltime,"$140,000 - $202,000 / yearly",To Apply,,Review draft,https://www.linkedin.com/jobs/view/4425880378,,2026-06-10,Yes,Outreach Pending,,LinkedIn
HIGH,Razorpay,AI Builder,"Bengaluru, Karnataka, India",fulltime,,To Apply,,Review draft,https://www.linkedin.com/jobs/view/4426329888,,2026-06-10,Yes,Outreach Pending,,LinkedIn
HIGH,Microsoft,Data Analytics Manager (AI Engineer - Generative & Agentic AI),"Bengaluru, Karnataka, India",fulltime,,To Apply,,Review draft,https://www.linkedin.com/jobs/view/4427000100,,2026-06-10,Yes,Outreach Pending,,LinkedIn
LOW,N26,Lead Software Engineer (ServiceNow) - RegTech,"Berlin, Berlin, Germany",fulltime,,To Apply,,Review draft,https://www.linkedin.com/jobs/view/4426381030,,2026-06-10,Yes,Outreach Pending,,LinkedIn
HIGH,Google,"Software Engineer III, Wear Core Platform","London, England, UK",fulltime,,To Apply,,Review draft,https://www.linkedin.com/jobs/view/4415922691,,2026-06-10,Yes,Outreach Pending,,LinkedIn
HIGH,Apple,Senior Software Engineer (Front End Applications) – Apple Online Store,"London, England, UK",fulltime,,To Apply,,Review draft,https://www.linkedin.com/jobs/view/4426798444,,2026-06-10,Yes,Outreach Pending,,LinkedIn
HIGH,Adobe,Software Engineer 2,"Noida, Uttar Pradesh, India",fulltime,,To Apply,,Review draft,https://www.linkedin.com/jobs/view/4426057449,,2026-06-10,Yes,Outreach Pending,,LinkedIn
HIGH,Amazon,Software Development Engineer I,"Bengaluru, Karnataka, India",fulltime,,To Apply,,Review draft,https://www.linkedin.com/jobs/view/4417085673,,2026-06-10,Yes,Outreach Pending,,LinkedIn
HIGH,Apple,"Software Engineer, Apple Services Engineering","Singapore, Singapore",fulltime,,To Apply,,Review draft,https://www.linkedin.com/jobs/view/4426792958,,2026-06-10,Yes,Outreach Pending,,LinkedIn
MEDIUM,Spotify,Backend Engineer - Personalization - Tunesday,"New York, NY",fulltime,,To Apply,,Review draft,https://www.linkedin.com/jobs/view/4426569054,,2026-06-10,Yes,Outreach Pending,,LinkedIn
MEDIUM,Flix,Senior Python Engineer (m/f/d) - Network Planning,"Berlin, Berlin, Germany",fulltime,,To Apply,,Review draft,https://www.linkedin.com/jobs/view/4409046710,,2026-06-10,Yes,Outreach Pending,,LinkedIn
MEDIUM,Cohere,Senior Full-Stack Senior Engineer (Front-End Leaning),"London, England, UK",fulltime,,To Apply,,Review draft,https://www.linkedin.com/jobs/view/4426060369,,2026-06-10,Yes,Outreach Pending,,LinkedIn
LOW,On,Software Engineer - Operations,"London, England, UK",fulltime,,To Apply,,Review draft,https://www.linkedin.com/jobs/view/4405999706,,2026-06-10,Yes,Outreach Pending,,LinkedIn
MEDIUM,Grafana Labs,Backend Engineer - Platform - Stacks | UK | Remote,"London Area, United Kingdom",fulltime,,To Apply,,Review draft,https://www.linkedin.com/jobs/view/4416692041,,2026-06-10,Yes,Outreach Pending,,LinkedIn
MEDIUM,Sea,Backend Engineer,"Singapore, Singapore",volunteer,,To Apply,,Review draft,https://www.linkedin.com/jobs/view/4407580834,,2026-06-10,Yes,Outreach Pending,,LinkedIn
LOW,Adyen,Senior Platform Engineer,"Bengaluru, Karnataka, India",fulltime,,To Apply,,Review draft,https://www.linkedin.com/jobs/view/4406538142,,2026-06-10,Yes,Outreach Pending,,LinkedIn
MEDIUM,UST,Dot Net Fullstack developer,"Bengaluru, Karnataka, India",fulltime,,To Apply,,Review draft,https://www.linkedin.com/jobs/view/4417048639,,2026-06-10,Yes,Outreach Pending,,LinkedIn
HIGH,Amazon,"Software Development Engineer II, TFS","Bengaluru, Karnataka, India",fulltime,,To Apply,,Review draft,https://www.linkedin.com/jobs/view/4423133429,,2026-06-10,Yes,Outreach Pending,,LinkedIn
HIGH,Amazon,"Software Development Engineer II, TFS","Gurugram, Haryana, India",fulltime,,To Apply,,Review draft,https://www.linkedin.com/jobs/view/4423120644,,2026-06-10,Yes,Outreach Pending,,LinkedIn
HIGH,OpenAI,"Backend Software Engineer, ChatGPT ImageGen","San Francisco, CA",fulltime,,To Apply,,Review draft,https://www.linkedin.com/jobs/view/4426004278,,2026-06-10,Yes,Outreach Pending,,LinkedIn
HIGH,Stripe,"Software Engineer, Experimental Projects","San Francisco, CA",fulltime,,To Apply,,Review draft,https://www.linkedin.com/jobs/view/4426530189,,2026-06-10,Yes,Outreach Pending,,LinkedIn
HIGH,Databricks,Staff Software Engineer - Backend,"Berlin, Berlin, Germany",fulltime,,To Apply,,Review draft,https://www.linkedin.com/jobs/view/4347962410,,2026-06-10,Yes,Outreach Pending,,LinkedIn
HIGH,Amazon,"Software Engineer , Ring","Cambridge, England, UK",fulltime,,To Apply,,Review draft,https://www.linkedin.com/jobs/view/4416914961,,2026-06-10,Yes,Outreach Pending,,LinkedIn
HIGH,Amazon,"Software Engineer, Ring","Cambridge, England, UK",fulltime,,To Apply,,Review draft,https://www.linkedin.com/jobs/view/4416914957,,2026-06-10,Yes,Outreach Pending,,LinkedIn
HIGH,Google,"Software Engineer II, Android Performance Console","London, England, UK",fulltime,,To Apply,,Review draft,https://www.linkedin.com/jobs/view/4425874949,,2026-06-10,Yes,Outreach Pending,,LinkedIn
HIGH,Google,ソフトウェア エンジニア、Android、CI インフラストラクチャ,"Tokyo, Tokyo, Japan",fulltime,,To Apply,,Review draft,https://www.linkedin.com/jobs/view/4417069422,,2026-06-10,Yes,Outreach Pending,,LinkedIn
LOW,"Mercari, Inc.",QA Engineer - US App,"Minato, Tokyo, Japan",fulltime,,To Apply,,Review draft,https://www.linkedin.com/jobs/view/4417031707,,2026-06-10,Yes,Outreach Pending,,LinkedIn
HIGH,Google,ソフトウェア エンジニア III、コンテンツ取得プラットフォーム,"Tokyo, Tokyo, Japan",fulltime,,To Apply,,Review draft,https://www.linkedin.com/jobs/view/4416130267,,2026-06-10,Yes,Outreach Pending,,LinkedIn
HIGH,Microsoft,Site Reliability Engineer,"Bengaluru, Karnataka, India",fulltime,,To Apply,,Review draft,https://www.linkedin.com/jobs/view/4426793155,,2026-06-10,Yes,Outreach Pending,,LinkedIn
HIGH,Google,"Software Engineer, Google Distributed Cloud Hosted","Bengaluru, Karnataka, India",fulltime,,To Apply,,Review draft,https://www.linkedin.com/jobs/view/4415910457,,2026-06-10,Yes,Outreach Pending,,LinkedIn
HIGH,Google,"Full Stack Software Engineer, FrontRow Database Observability","Bengaluru, Karnataka, India",fulltime,,To Apply,,Review draft,https://www.linkedin.com/jobs/view/4405148737,,2026-06-10,Yes,Outreach Pending,,LinkedIn
HIGH,Qualcomm,Lead Engineer,"Hyderabad, Telangana, India",fulltime,,To Apply,,Review draft,https://www.linkedin.com/jobs/view/4425846206,,2026-06-10,Yes,Outreach Pending,,LinkedIn
MEDIUM,KLA,Software Engineer,"Chennai, Tamil Nadu, India",fulltime,,To Apply,,Review draft,https://www.linkedin.com/jobs/view/4413319896,,2026-06-10,Yes,Outreach Pending,,LinkedIn
HIGH,Google,"Application Engineer, Generalist","Hyderabad, Telangana, India",fulltime,,To Apply,,Review draft,https://www.linkedin.com/jobs/view/4415931450,,2026-06-10,Yes,Outreach Pending,,LinkedIn
HIGH,Google,Systems Development Engineer II,"Hyderabad, Telangana, India",fulltime,,To Apply,,Review draft,https://www.linkedin.com/jobs/view/4406908599,,2026-06-10,Yes,Outreach Pending,,LinkedIn
HIGH,Amazon,"Software Development Engineer, Amazon Traffic Engineering","Hyderabad, Telangana, India",fulltime,,To Apply,,Review draft,https://www.linkedin.com/jobs/view/4426566800,,2026-06-10,Yes,Outreach Pending,,LinkedIn
HIGH,Micron Technology,"STAFF DATA SCIENTIST, SMAI OI","Singapore, Singapore",fulltime,,To Apply,,Review draft,https://www.linkedin.com/jobs/view/4425811861,,2026-06-10,Yes,Outreach Pending,,LinkedIn
HIGH,Micron Technology,"Senior/Staff Product Engineer (GenAI, AI/ML & Advanced Data Analytics)","Singapore, Singapore",fulltime,,To Apply,,Review draft,https://www.linkedin.com/jobs/view/4415662481,,2026-06-10,Yes,Outreach Pending,,LinkedIn
HIGH,Micron Technology,"DATA SCIENTIST, SMAI","Singapore, Singapore",fulltime,,To Apply,,Review draft,https://www.linkedin.com/jobs/view/4415660480,,2026-06-10,Yes,Outreach Pending,,LinkedIn
HIGH,Amazon,"Data Engineer I, Data Engineer RBS","Bengaluru, Karnataka, India",fulltime,,To Apply,,Review draft,https://www.linkedin.com/jobs/view/4426374953,,2026-06-10,Yes,Outreach Pending,,LinkedIn
HIGH,Qualcomm,"Lead Senior Research Engineer, XR ML systems","Bengaluru, Karnataka, India",fulltime,,To Apply,,Review draft,https://www.linkedin.com/jobs/view/4331544639,,2026-06-10,Yes,Outreach Pending,,LinkedIn
MEDIUM,UPS,"Data Scientist – Python, GCP, Data Mining, Machine Learning, Computer Vision","Chennai, Tamil Nadu, India",fulltime,,To Apply,,Review draft,https://www.linkedin.com/jobs/view/4405995129,,2026-06-10,Yes,Outreach Pending,,LinkedIn
MEDIUM,UPS,"Data Scientist – Python, GCP, Data Mining, Machine Learning, Computer Vision","Chennai, Tamil Nadu, India",fulltime,,To Apply,,Review draft,https://www.linkedin.com/jobs/view/4405984981,,2026-06-10,Yes,Outreach Pending,,LinkedIn
MEDIUM,UST,Specialist II - ML Engineering,"Trivandrum, Kerala, India",fulltime,,To Apply,,Review draft,https://www.linkedin.com/jobs/view/4426337990,,2026-06-10,Yes,Outreach Pending,,LinkedIn
HIGH,Qualcomm,Audio Machine Learning Engineer,"Hyderabad, Telangana, India",fulltime,,To Apply,,Review draft,https://www.linkedin.com/jobs/view/4425843235,,2026-06-10,Yes,Outreach Pending,,LinkedIn
HIGH,Microsoft,Senior Software Engineer,"Redmond, WA",fulltime,,To Apply,,Review draft,https://www.linkedin.com/jobs/view/4407849137,,2026-06-10,Yes,Outreach Pending,,LinkedIn
HIGH,SAP,IT Technology Services Specialist - Automation Reliability Engineer,"Bengaluru, Karnataka, India",fulltime,,To Apply,,Review draft,https://www.linkedin.com/jobs/view/4394432107,,2026-06-10,Yes,Outreach Pending,,LinkedIn
HIGH,Google,"Software Engineer, Information Security Engineering",Singapore,fulltime,,To Apply,,Review draft,https://www.linkedin.com/jobs/view/4415691841,,2026-06-10,Yes,Outreach Pending,,LinkedIn
MEDIUM,InCred Financial Services,Full Stack Engineer,"Bengaluru, Karnataka, India",fulltime,,To Apply,,Review draft,https://www.linkedin.com/jobs/view/4425813561,,2026-06-10,Yes,Outreach Pending,,LinkedIn
HIGH,Amazon,"Software Development Engineer II, Amazon Healthcare","Bengaluru, Karnataka, India",fulltime,,To Apply,,Review draft,https://www.linkedin.com/jobs/view/4416286040,,2026-06-10,Yes,Outreach Pending,,LinkedIn
MEDIUM,UST,React + Java Developer | Immediate Joiner | Any UST Locations,"Bengaluru, Karnataka, India",fulltime,,To Apply,,Review draft,https://www.linkedin.com/jobs/view/4425811817,,2026-06-10,Yes,Outreach Pending,,LinkedIn
HIGH,Adobe,Software Development Engineer,"Noida, Uttar Pradesh, India",fulltime,,To Apply,,Review draft,https://www.linkedin.com/jobs/view/4425823492,,2026-06-10,Yes,Outreach Pending,,LinkedIn
HIGH,Adobe,Software Development Engineer 4,"Noida, Uttar Pradesh, India",fulltime,,To Apply,,Review draft,https://www.linkedin.com/jobs/view/4425871120,,2026-06-10,Yes,Outreach Pending,,LinkedIn
HIGH,Microsoft,Software Engineer 2,"Hyderabad, Telangana, India",fulltime,,To Apply,,Review draft,https://www.linkedin.com/jobs/view/4426325215,,2026-06-10,Yes,Outreach Pending,,LinkedIn
MEDIUM,Shopee,Back End Engineer (Enterprise Efficiency) - Sea Labs,"Jakarta, Indonesia",fulltime,,To Apply,,Review draft,https://www.linkedin.com/jobs/view/4394469009,,2026-06-10,Yes,Outreach Pending,,LinkedIn
HIGH,Google,"Software Engineer, Google Beam, Full Stack","Seattle, WA",fulltime,,To Apply,,Review draft,https://www.linkedin.com/jobs/view/4415779736,,2026-06-10,Yes,Outreach Pending,,LinkedIn
MEDIUM,OpenAI,"Full Stack Software Engineer, ChatGPT ImageGen","San Francisco, CA",fulltime,,To Apply,,Review draft,https://www.linkedin.com/jobs/view/4426003333,,2026-06-10,Yes,Outreach Pending,,LinkedIn
MEDIUM,Bolt,Senior Backend Engineer,"Tallinn, Harjumaa, Estonia",fulltime,,To Apply,,Review draft,https://www.linkedin.com/jobs/view/4416263270,,2026-06-10,Yes,Outreach Pending,,LinkedIn
MEDIUM,Wise,Staff Software Engineer - Global KYC and Onboarding,"London, England, UK",fulltime,,To Apply,,Review draft,https://www.linkedin.com/jobs/view/4267767611,,2026-06-10,Yes,Outreach Pending,,LinkedIn
MEDIUM,On,Lead Backend Engineer (Typescript),"London, England, UK",fulltime,,To Apply,,Review draft,https://www.linkedin.com/jobs/view/4390992645,,2026-06-10,Yes,Outreach Pending,,LinkedIn
HIGH,Google,"Software Engineer III, Full Stack, Google Cloud AI","Sunnyvale, CA",fulltime,,To Apply,,Review draft,https://www.linkedin.com/jobs/view/4416275083,,2026-06-10,Yes,Outreach Pending,,LinkedIn
HIGH,Stripe,"Software Engineer, Experimental Projects","Toronto, Ontario, Canada",fulltime,,To Apply,,Review draft,https://www.linkedin.com/jobs/view/4426527206,,2026-06-10,Yes,Outreach Pending,,LinkedIn
HIGH,Stripe,"Software Engineer, Experimental Projects",Remote,fulltime,,To Apply,,Review draft,https://www.linkedin.com/jobs/view/4426702337,,2026-06-10,Yes,Outreach Pending,,LinkedIn
MEDIUM,Zalando,Senior Software Engineer - Lounge Discover (all genders),"Berlin, Berlin, Germany",fulltime,,To Apply,,Review draft,https://www.linkedin.com/jobs/view/4426518629,,2026-06-10,Yes,Outreach Pending,,LinkedIn
HIGH,Microsoft,Applied Science Intern,"London, England, UK",fulltime,,To Apply,,Review draft,https://www.linkedin.com/jobs/view/4426330068,,2026-06-10,Yes,Outreach Pending,,LinkedIn
MEDIUM,Intellect Group,Graduate Software Engineer,"London Area, United Kingdom",fulltime,,To Apply,,Review draft,https://www.linkedin.com/jobs/view/4413928926,,2026-06-10,Yes,Outreach Pending,,LinkedIn
MEDIUM,Rakuten,ビジネスサポート開発部：日英バイリンガルテスト自動化エンジニア（BSD）,"Tokyo, Japan",fulltime,,To Apply,,Review draft,https://www.linkedin.com/jobs/view/4422247788,,2026-06-10,Yes,Outreach Pending,,LinkedIn
MEDIUM,"Mercari, Inc.","Software Engineer, iOS (Credit) - Merpay","Minato, Tokyo, Japan",fulltime,,To Apply,,Review draft,https://www.linkedin.com/jobs/view/4397758510,,2026-06-10,Yes,Outreach Pending,,LinkedIn
MEDIUM,Sea,Research Scientist,"Singapore, Singapore",fulltime,,To Apply,,Review draft,https://www.linkedin.com/jobs/view/4188005650,,2026-06-10,Yes,Outreach Pending,,LinkedIn
MEDIUM,Rakuten Symphony,Data Scientist,"Bengaluru, Karnataka, India",fulltime,,To Apply,,Review draft,https://www.linkedin.com/jobs/view/4426509313,,2026-06-10,Yes,Outreach Pending,,LinkedIn
HIGH,Google,"Staff Software Engineer, Ads","Bengaluru, Karnataka, India",fulltime,,To Apply,,Review draft,https://www.linkedin.com/jobs/view/4415705494,,2026-06-10,Yes,Outreach Pending,,LinkedIn
HIGH,Qualcomm,C++ Developer / Graphics Engineer / Sr Engineer / Lead Engineer,"Bengaluru, Karnataka, India",fulltime,,To Apply,,Review draft,https://www.linkedin.com/jobs/view/4314032356,,2026-06-10,Yes,Outreach Pending,,LinkedIn
MEDIUM,MongoDB,"Staff Engineer, AMP","Gurugram, Haryana, India",fulltime,,To Apply,,Review draft,https://www.linkedin.com/jobs/view/4397739458,,2026-06-10,Yes,Outreach Pending,,LinkedIn
MEDIUM,Hitachi Vantara,Software Development Engineer,"Bengaluru, Karnataka, India",fulltime,,To Apply,,Review draft,https://www.linkedin.com/jobs/view/4426301197,,2026-06-10,Yes,Outreach Pending,,LinkedIn
HIGH,Meta,"Data Scientist, Product Analytics","Menlo Park, CA",fulltime,,To Apply,,Review draft,https://www.linkedin.com/jobs/view/4422267823,,2026-06-09,Yes,Outreach Pending,,LinkedIn
HIGH,Uber,Data Scientist I,"Chicago, IL",fulltime,,To Apply,,Review draft,https://www.linkedin.com/jobs/view/4422268079,,2026-06-09,Yes,Outreach Pending,,LinkedIn
MEDIUM,Spotify,Data Scientist,"New York, NY",fulltime,,To Apply,,Review draft,https://www.linkedin.com/jobs/view/4426348989,,2026-06-09,Yes,Outreach Pending,,LinkedIn
HIGH,Uber,Data Scientist I,"Dallas, TX",fulltime,,To Apply,,Review draft,https://www.linkedin.com/jobs/view/4422229569,,2026-06-09,Yes,Outreach Pending,,LinkedIn
MEDIUM,Zalando,Applied Scientist – Marketing & Personalization,"Berlin, Berlin, Germany",fulltime,,To Apply,,Review draft,https://www.linkedin.com/jobs/view/4425907428,,2026-06-09,Yes,Outreach Pending,,LinkedIn
MEDIUM,Zalando,Applied Scientist (All genders),"Berlin, Berlin, Germany",fulltime,,To Apply,,Review draft,https://www.linkedin.com/jobs/view/4426349483,,2026-06-09,Yes,Outreach Pending,,LinkedIn
MEDIUM,Just Eat Takeaway.com,Professional / D - Data Science,"Berlin, Berlin, Germany",fulltime,,To Apply,,Review draft,https://www.linkedin.com/jobs/view/4422228038,,2026-06-09,Yes,Outreach Pending,,LinkedIn
MEDIUM,Just Eat Takeaway.com,Machine Learning Engineer,"Berlin, Berlin, Germany",fulltime,,To Apply,,Review draft,https://www.linkedin.com/jobs/view/4422236006,,2026-06-09,Yes,Outreach Pending,,LinkedIn
HIGH,Google,"Technical Lead Manager, TorchTPU","London, England, UK",fulltime,,To Apply,,Review draft,https://www.linkedin.com/jobs/view/4425866069,,2026-06-09,Yes,Outreach Pending,,LinkedIn
MEDIUM,Rippling,Compliance Governance Data Scientist,"London, England, UK",fulltime,,To Apply,,Review draft,https://www.linkedin.com/jobs/view/4426315034,,2026-06-09,Yes,Outreach Pending,,LinkedIn
MEDIUM,Shopee,[AI] AIGC Post-Training Algorithm Engineer,"Singapore, Singapore",fulltime,,To Apply,,Review draft,https://www.linkedin.com/jobs/view/4406288579,,2026-06-09,Yes,Outreach Pending,,LinkedIn
HIGH,Micron Technology,"DATA SCIENTIST, SMAI","Singapore, Singapore",fulltime,,To Apply,,Review draft,https://www.linkedin.com/jobs/view/4415661482,,2026-06-09,Yes,Outreach Pending,,LinkedIn
HIGH,Micron Technology,DATA SCIENTIST,"Singapore, Singapore",fulltime,,To Apply,,Review draft,https://www.linkedin.com/jobs/view/4415664431,,2026-06-09,Yes,Outreach Pending,,LinkedIn
HIGH,Micron Technology,Data Scientist,"Singapore, Singapore",fulltime,,To Apply,,Review draft,https://www.linkedin.com/jobs/view/4415645675,,2026-06-09,Yes,Outreach Pending,,LinkedIn
HIGH,Micron Technology,Data Scientist,"Singapore, Singapore",fulltime,,To Apply,,Review draft,https://www.linkedin.com/jobs/view/4415653565,,2026-06-09,Yes,Outreach Pending,,LinkedIn
HIGH,Qualcomm,Senior Staff Engineer- CPU Software & Hardware Co-Design Engineer (ML Systems),"Bengaluru, Karnataka, India",fulltime,,To Apply,,Review draft,https://www.linkedin.com/jobs/view/4425839269,,2026-06-09,Yes,Outreach Pending,,LinkedIn
HIGH,Qualcomm,Staff Engineer-CPU SW/HW Co-Design Engineer (ML Systems),"Bengaluru, Karnataka, India",fulltime,,To Apply,,Review draft,https://www.linkedin.com/jobs/view/4425843234,,2026-06-09,Yes,Outreach Pending,,LinkedIn
HIGH,Qualcomm,"Lead Engineer,Senior-","Bengaluru, Karnataka, India",fulltime,,To Apply,,Review draft,https://www.linkedin.com/jobs/view/4425833279,,2026-06-09,Yes,Outreach Pending,,LinkedIn
MEDIUM,ConnectWise,Sr. Software Engineer - AI,"Bengaluru, Karnataka, India",fulltime,,To Apply,,Review draft,https://www.linkedin.com/jobs/view/4425502139,,2026-06-09,Yes,Outreach Pending,,LinkedIn
HIGH,Amazon,"Data Scientist, IES CFX & Prime","Bengaluru, Karnataka, India",fulltime,,To Apply,,Review draft,https://www.linkedin.com/jobs/view/4416275959,,2026-06-09,Yes,Outreach Pending,,LinkedIn
HIGH,Qualcomm,Data scientist,"Hyderabad, Telangana, India",fulltime,,To Apply,,Review draft,https://www.linkedin.com/jobs/view/4405988595,,2026-06-09,Yes,Outreach Pending,,LinkedIn
HIGH,SAP,Machine Learning Engineer,"Bengaluru, Karnataka, India",fulltime,,To Apply,,Review draft,https://www.linkedin.com/jobs/view/4425809271,,2026-06-09,Yes,Outreach Pending,,LinkedIn
HIGH,Google,"Forward Deployed Engineer, GenAI, Google Cloud (Japanese, English)","Tokyo, Tokyo, Japan",fulltime,,To Apply,,Review draft,https://www.linkedin.com/jobs/view/4415665428,,2026-06-09,Yes,Outreach Pending,,LinkedIn
MEDIUM,OP,AI Engineer,"Bengaluru, Karnataka, India",fulltime,,To Apply,,Review draft,https://www.linkedin.com/jobs/view/4426357026,,2026-06-09,Yes,Outreach Pending,,LinkedIn
MEDIUM,UPS,"Intermediate AI Engineer – Python, RAG, Agentic AI, ADK, MCP, GCP, Vertex AI, IBM Watsonx","Chennai, Tamil Nadu, India",fulltime,,To Apply,,Review draft,https://www.linkedin.com/jobs/view/4320576755,,2026-06-09,Yes,Outreach Pending,,LinkedIn
HIGH,Qualcomm,#Product Software Engineer,"San Diego, CA",fulltime,,To Apply,,Review draft,https://www.linkedin.com/jobs/view/4425843232,,2026-06-09,Yes,Outreach Pending,,LinkedIn
HIGH,Google,Software Engineer,"New York, NY",fulltime,,To Apply,,Review draft,https://www.linkedin.com/jobs/view/4425548331,,2026-06-09,Yes,Outreach Pending,,LinkedIn
MEDIUM,Flix,Senior Kotlin Backend Engineer (m/f/d),"Berlin, Berlin, Germany",fulltime,,To Apply,,Review draft,https://www.linkedin.com/jobs/view/4425670202,,2026-06-09,Yes,Outreach Pending,,LinkedIn
HIGH,Google,"Customer Engineer, Platform, Software and Media, DACH (German)","Berlin, Berlin, Germany",fulltime,,To Apply,,Review draft,https://www.linkedin.com/jobs/view/4415667076,,2026-06-09,Yes,Outreach Pending,,LinkedIn
MEDIUM,xAI,Software Engineer - Sandbox Service,"Greater London, England, UK",fulltime,,To Apply,,Review draft,https://www.linkedin.com/jobs/view/4344789473,,2026-06-09,Yes,Outreach Pending,,LinkedIn
MEDIUM,Intellect Group,Full Stack Engineer,"London Area, United Kingdom",fulltime,,To Apply,,Review draft,https://www.linkedin.com/jobs/view/4425996571,,2026-06-09,Yes,Outreach Pending,,LinkedIn
MEDIUM,Tenth Revolution Group,Full Stack Engineer,"London Area, United Kingdom",fulltime,,To Apply,,Review draft,https://www.linkedin.com/jobs/view/4425869018,,2026-06-09,Yes,Outreach Pending,,LinkedIn
HIGH,Google,"Senior Software Engineer, Google Distributed Cloud","Bengaluru, Karnataka, India",fulltime,,To Apply,,Review draft,https://www.linkedin.com/jobs/view/4415664670,,2026-06-09,Yes,Outreach Pending,,LinkedIn
HIGH,LinkedIn,"Senior Software Engineer, Salesforce","Bengaluru, Karnataka, India",fulltime,,To Apply,,Review draft,https://www.linkedin.com/jobs/view/4407156638,,2026-06-09,Yes,Outreach Pending,,LinkedIn
HIGH,Okta,Staff Front-End Engineer,"Bengaluru, Karnataka, India",fulltime,,To Apply,,Review draft,https://www.linkedin.com/jobs/view/4422231801,,2026-06-09,Yes,Outreach Pending,,LinkedIn
MEDIUM,N26,Data Engineer - Platform Engineering,"Berlin, Berlin, Germany",fulltime,,To Apply,,Review draft,https://www.linkedin.com/jobs/view/4426306147,,2026-06-09,Yes,Outreach Pending,,LinkedIn
HIGH,Okta,Staff Software Engineer - Backend (Spring),"Bengaluru, Karnataka, India",fulltime,,To Apply,,Review draft,https://www.linkedin.com/jobs/view/4412248405,,2026-06-09,Yes,Outreach Pending,,LinkedIn
HIGH,PayPal,Senior Software Engineer - Backend (Java),"Bengaluru, Karnataka, India",fulltime,,To Apply,,Review draft,https://www.linkedin.com/jobs/view/4426362486,,2026-06-09,Yes,Outreach Pending,,LinkedIn
HIGH,Google,"Senior Software Engineer, Full Stack, Google Cloud","Bengaluru, Karnataka, India",fulltime,,To Apply,,Review draft,https://www.linkedin.com/jobs/view/4425542367,,2026-06-09,Yes,Outreach Pending,,LinkedIn
HIGH,Google,"Software Engineer III, Cloud Networking Diagnostic Tools","Tel Aviv-Yafo, Tel Aviv District, Israel",fulltime,,To Apply,,Review draft,https://www.linkedin.com/jobs/view/4425860118,,2026-06-09,Yes,Outreach Pending,,LinkedIn
MEDIUM,MongoDB,"software engineer 3, query execution","Dublin, County Dublin, Ireland",fulltime,,To Apply,,Review draft,https://www.linkedin.com/jobs/view/4385530436,,2026-06-09,Yes,Outreach Pending,,LinkedIn
HIGH,Google,Software Engineer,"Mountain View, CA",fulltime,,To Apply,,Review draft,https://www.linkedin.com/jobs/view/4425295757,,2026-06-09,Yes,Outreach Pending,,LinkedIn
HIGH,Google,Software Engineer,"Sunnyvale, CA",fulltime,,To Apply,,Review draft,https://www.linkedin.com/jobs/view/4425284768,,2026-06-09,Yes,Outreach Pending,,LinkedIn
HIGH,Google,Software Engineer,"Mountain View, CA",fulltime,,To Apply,,Review draft,https://www.linkedin.com/jobs/view/4425530403,,2026-06-09,Yes,Outreach Pending,,LinkedIn
HIGH,Google,Software Engineer,"Mountain View, CA",fulltime,,To Apply,,Review draft,https://www.linkedin.com/jobs/view/4425291706,,2026-06-09,Yes,Outreach Pending,,LinkedIn
HIGH,Netflix,Software Engineer - Open Connect Control Plane,Remote,fulltime,,To Apply,,Review draft,https://www.linkedin.com/jobs/view/4350188369,,2026-06-09,Yes,Outreach Pending,,LinkedIn
MEDIUM,Notion,"Software Engineer, New Grad (AI)","San Francisco, CA",fulltime,,To Apply,,Review draft,https://www.linkedin.com/jobs/view/4407498584,,2026-06-09,Yes,Outreach Pending,,LinkedIn
HIGH,Stripe,"Integration Engineer, Professional Services","Berlin, Berlin, Germany",fulltime,,To Apply,,Review draft,https://www.linkedin.com/jobs/view/4425834460,,2026-06-09,Yes,Outreach Pending,,LinkedIn
MEDIUM,Novanta Inc.,Junior Test Ingenieur für Test & Verifikation (m/w/d),"Berlin, Berlin, Germany",fulltime,,To Apply,,Review draft,https://www.linkedin.com/jobs/view/4422277602,,2026-06-09,Yes,Outreach Pending,,LinkedIn
MEDIUM,Flix,Senior Software Engineer (m/f/d),"Berlin, Berlin, Germany",fulltime,,To Apply,,Review draft,https://www.linkedin.com/jobs/view/4426318708,,2026-06-09,Yes,Outreach Pending,,LinkedIn
MEDIUM,Flix,Senior Full Stack Engineer (m/f/d),"Berlin, Berlin, Germany",fulltime,,To Apply,,Review draft,https://www.linkedin.com/jobs/view/4408006927,,2026-06-09,Yes,Outreach Pending,,LinkedIn
MEDIUM,N26,Software Engineer (ServiceNow) - RegTech,"Berlin, Berlin, Germany",fulltime,,To Apply,,Review draft,https://www.linkedin.com/jobs/view/4425999301,,2026-06-09,Yes,Outreach Pending,,LinkedIn
MEDIUM,LexisNexis Intellectual Property Solutions,Software Engineer II (Python & C#),"London Area, United Kingdom",fulltime,,To Apply,,Review draft,https://www.linkedin.com/jobs/view/4422286205,,2026-06-09,Yes,Outreach Pending,,LinkedIn
MEDIUM,Ki,Senior Full Stack Engineer,"London, England, UK",fulltime,,To Apply,,Review draft,https://www.linkedin.com/jobs/view/4425830207,,2026-06-09,Yes,Outreach Pending,,LinkedIn
MEDIUM,Rakuten,Bilingual (English/Japanese) Test Automation Engineer - Business Support Development Department (BSD),"Tokyo, Tokyo, Japan",fulltime,,To Apply,,Review draft,https://www.linkedin.com/jobs/view/4422251670,,2026-06-09,Yes,Outreach Pending,,LinkedIn
MEDIUM,Third Intelligence,Applied Research Engineer,"Tokyo, Japan",fulltime,,To Apply,,Review draft,https://www.linkedin.com/jobs/view/4371353455,,2026-06-09,Yes,Outreach Pending,,LinkedIn
MEDIUM,Rakuten,"Application Engineer - Platform Department, System Division, Rakuten Card Co., Ltd.","Tokyo, Tokyo, Japan",fulltime,,To Apply,,Review draft,https://www.linkedin.com/jobs/view/4358961693,,2026-06-09,Yes,Outreach Pending,,LinkedIn
HIGH,Google,"Software Engineer III, Content Acquisition Platforms","Tokyo, Tokyo, Japan",fulltime,,To Apply,,Review draft,https://www.linkedin.com/jobs/view/4415779735,,2026-06-09,Yes,Outreach Pending,,LinkedIn
MEDIUM,Garena,"Senior Engineer, Backend Engineering (Garena)",Singapore,fulltime,,To Apply,,Review draft,https://www.linkedin.com/jobs/view/4386077051,,2026-06-09,Yes,Outreach Pending,,LinkedIn
HIGH,Google,"Senior Software Engineer, Finance and Growth Platform, Payments",Singapore,fulltime,,To Apply,,Review draft,https://www.linkedin.com/jobs/view/4425865073,,2026-06-09,Yes,Outreach Pending,,LinkedIn
HIGH,Google,"Senior Software Engineer, Google Pay and Wallet",Singapore,fulltime,,To Apply,,Review draft,https://www.linkedin.com/jobs/view/4425824981,,2026-06-09,Yes,Outreach Pending,,LinkedIn
HIGH,Stripe,"Integration Reliability Engineer, Technical Operations","Singapore, Singapore",fulltime,,To Apply,,Review draft,https://www.linkedin.com/jobs/view/4425828508,,2026-06-09,Yes,Outreach Pending,,LinkedIn
HIGH,Google,"Software Engineer, Finance and Growth Platform, Payments",Singapore,fulltime,,To Apply,,Review draft,https://www.linkedin.com/jobs/view/4425870060,,2026-06-09,Yes,Outreach Pending,,LinkedIn
HIGH,AMD,Software Development Engineer,"Singapore, Singapore",fulltime,,To Apply,,Review draft,https://www.linkedin.com/jobs/view/4412803499,,2026-06-09,Yes,Outreach Pending,,LinkedIn
HIGH,Google,"Software Engineer, Google Wallet",Singapore,fulltime,,To Apply,,Review draft,https://www.linkedin.com/jobs/view/4415766992,,2026-06-09,Yes,Outreach Pending,,LinkedIn
HIGH,Google,"Software Engineering Manager II, Google Cloud","Bengaluru, Karnataka, India",fulltime,,To Apply,,Review draft,https://www.linkedin.com/jobs/view/4415700601,,2026-06-09,Yes,Outreach Pending,,LinkedIn
MEDIUM,Texas Instruments India,Software Engineer,"Bengaluru, Karnataka, India",fulltime,,To Apply,,Review draft,https://www.linkedin.com/jobs/view/4415670161,,2026-06-09,Yes,Outreach Pending,,LinkedIn
HIGH,Qualcomm,Engineer,"Bengaluru, Karnataka, India",fulltime,,To Apply,,Review draft,https://www.linkedin.com/jobs/view/4394479328,,2026-06-09,Yes,Outreach Pending,,LinkedIn
MEDIUM,Texas Instruments India,Software Engineer,"Bengaluru, Karnataka, India",fulltime,,To Apply,,Review draft,https://www.linkedin.com/jobs/view/4415681047,,2026-06-09,Yes,Outreach Pending,,LinkedIn
HIGH,Amazon,SDE2,"Bengaluru, Karnataka, India",fulltime,,To Apply,,Review draft,https://www.linkedin.com/jobs/view/4339267548,,2026-06-09,Yes,Outreach Pending,,LinkedIn
HIGH,Microsoft,Software Engineer II,"Hyderabad, Telangana, India",fulltime,,To Apply,,Review draft,https://www.linkedin.com/jobs/view/4426333141,,2026-06-09,Yes,Outreach Pending,,LinkedIn
HIGH,Amazon,Software Development Engineer - II,"Hyderabad, Telangana, India",fulltime,,To Apply,,Review draft,https://www.linkedin.com/jobs/view/4425665222,,2026-06-09,Yes,Outreach Pending,,LinkedIn
HIGH,Microsoft,Software Engineer,"Bengaluru, Karnataka, India",fulltime,,To Apply,,Review draft,https://www.linkedin.com/jobs/view/4426317276,,2026-06-09,Yes,Outreach Pending,,LinkedIn
